.52ガロン使い,,second-label
２号,,second-label
８号,,second-label
Bボーイ,,second-label
DJ,,second-label
H3リールガン使い,,second-label
LOVE,,second-label
Rブラスターエリート使い,,second-label
Wet Floorファン,,second-label
アーティスト,,second-label
アイロニック好き,,second-label
アキレス腱,,second-label
アタマ屋常連,,second-label
アナログゲーマー,,second-label
アルバイター,,second-label
委員長,,second-label
イカノボラー,,second-label
イクラ,,second-label
一匹狼,,second-label
イルカ,,second-label
ヴァリアブルローラー使い,,second-label
打ち上げ花火,,second-label
ウツホファン,,second-label
ウルトラショット使い,,second-label
エクスプロッシャー使い,,second-label
エンペリー好き,,second-label
オールバック,,second-label
オクタリアン,,second-label
おじさん,,second-label
おだんご,,second-label
おとうさん,,second-label
おにいさん,,second-label
おばさん,,second-label
親分,,second-label
カードコレクター,,second-label
ガール,,second-label
鏡,,second-label
歌手,,second-label
ガチエリア好き,,second-label
ガチヤグラ好き,,second-label
カベ,,second-label
カラー,,second-label
カルパッチョ,,second-label
管理人,,second-label
騎士,,second-label
キャンパー,,second-label
キューバンボム使い,,second-label
魚介類,,second-label
切り身,,second-label
クアッドホッパー使い,,second-label
クーゲルシュライバー使い,,second-label
クラーゲス好き,,second-label
クリエイター,,second-label
軍艦巻き,,second-label
ケルビン525使い,,second-label
工場長,,second-label
コーディネーター,,second-label
コメディアン,,second-label
サーファー,,second-label
最終兵器,,second-label
ザッカ屋常連,,second-label
寒がり,,second-label
サメライド使い,,second-label
シーフード,,second-label
シグレニ好き,,second-label
したっぱ,,second-label
シティガール,,second-label
ジムワイパー使い,,second-label
シャケ,,second-label
シャツ好き,,second-label
従業員,,second-label
上司,,second-label
助手,,second-label
新人王,,second-label
新婦,,second-label
スイマー,,second-label
スタイル,,second-label
頭脳,,second-label
スプラシューター使い,,second-label
スプラッシュシールド使い,,second-label
スプリンクラー使い,,second-label
すりみ連合ファン,,second-label
節約家,,second-label
戦士,,second-label
ソイチューバー使い,,second-label
大会出場者,,second-label
ダイナモローラー使い,,second-label
タコ,,second-label
タタキ,,second-label
タマゴ,,second-label
淡水魚,,second-label
挑戦者,,second-label
漬け,,second-label
デザイナー,,second-label
天使,,second-label
豆腐,,second-label
登山家,,second-label
ドライブワイパー使い,,second-label
鳥,,second-label
トレーナー,,second-label
ナイス,,second-label
ナマケモノ,,second-label
ナワバリマスター,,second-label
人気者,,second-label
熱血漢,,second-label
バーサーカー,,second-label
配信者,,second-label
パイロット,,second-label
バケットスロッシャー使い,,second-label
バトロイカ好き,,second-label
パブロ使い,,second-label
バレルスピナー使い,,second-label
反復横とび,,second-label
秘書,,second-label
人見知り,,second-label
漂流物,,second-label
ファッショニスタ,,second-label
ブーツ好き,,second-label
ブキ屋常連,,second-label
部長,,second-label
ブランド好き,,second-label
ブリザード,,second-label
プログラマー,,second-label
ペインター,,second-label
ヘッドライナー,,second-label
冒険家,,second-label
ボーイ,,second-label
ホクサイ使い,,second-label
ボス,,second-label
ホットブラスター使い,,second-label
ポニテ,,second-label
マーメイド,,second-label
マスター,,second-label
マニア,,second-label
マルチミサイル使い,,second-label
ミツアミ,,second-label
むぞうさ,,second-label
メガホンレーザー5.1ch使い,,second-label
モデル,,second-label
役者,,second-label
ライター,,second-label
ラピッドブラスター使い,,second-label
リモートワーカー,,second-label
ルック,,second-label
ロボット,,second-label
ロンゲ,,second-label
ワイドローラー使い,,second-label
.96ガロン使い,,second-label
３号,,second-label
ABXYファン,,second-label
C-Sideファン,,second-label
DNA,,second-label
Hightide Eraファン,,second-label
N-ZAP使い,,second-label
SashiMoriファン,,second-label
-3ファン,,second-label
愛好家,,second-label
アウトロー,,second-label
アシスタント,,second-label
アタリメイド好き,,second-label
アフロ,,second-label
アロメ好き,,second-label
イカ,,second-label
イカライフ,,second-label
一文無し,,second-label
イヌ,,second-label
インク,,second-label
ヴィラン,,second-label
宇宙飛行士,,second-label
海の幸,,second-label
ウルトラハンコ使い,,second-label
エゾッコ好き,,second-label
王者,,second-label
オールラウンダー,,second-label
オクトリング,,second-label
おじょうさま,,second-label
追っかけ,,second-label
おとうと,,second-label
おねえさん,,second-label
おぼっちゃま,,second-label
温泉好き,,second-label
カーボンローラー使い,,second-label
会社員,,second-label
係長,,second-label
家族,,second-label
ガチエリアマスター,,second-label
ガチヤグラマスター,,second-label
カメ,,second-label
からあげ,,second-label
カレントリップファン,,second-label
キーボーディスト,,second-label
希少部位,,second-label
キャンピングシェルター使い,,second-label
キューピッド,,second-label
巨人,,second-label
極めし者,,second-label
クイーン,,second-label
草,,second-label
クラゲ,,second-label
グルーヴ,,second-label
警備員,,second-label
研究員,,second-label
後輩,,second-label
コーンロウ,,second-label
サーモンラン好き,,second-label
刺身,,second-label
サバイバー,,second-label
サムライ,,second-label
残像,,second-label
ジェットスイーパー使い,,second-label
仕事人,,second-label
視聴者,,second-label
シティボーイ,,second-label
ジモン好き,,second-label
ジャケット好き,,second-label
舎弟,,second-label
自由人,,second-label
ショートカット,,second-label
初心者,,second-label
新人バイト,,second-label
人類,,second-label
スクイックリン使い,,second-label
ストライカー,,second-label
スパイ,,second-label
スプラスコープ使い,,second-label
スプラッシュボム使い,,second-label
スペースシューター使い,,second-label
スルメ,,second-label
ゼラチン,,second-label
先生,,second-label
ソムリエ,,second-label
大臣,,second-label
代表,,second-label
タコスミ,,second-label
タタキケンサキ好き,,second-label
団員,,second-label
探偵,,second-label
ちょんまげ,,second-label
ツッコミ,,second-label
弟子,,second-label
テンタクルズファン,,second-label
島民,,second-label
ドジっ子,,second-label
ドラゴン,,second-label
取締役,,second-label
丼,,second-label
ナイスダマ使い,,second-label
ナマズ,,second-label
ニット好き,,second-label
ニンゲン,,second-label
ノヴァブラスター使い,,second-label
パーティー好き,,second-label
ハイドラント使い,,second-label
破壊神,,second-label
馬車馬,,second-label
花,,second-label
パラシェルター使い,,second-label
半魚人,,second-label
ヒーロー,,second-label
ビタミン,,second-label
ヒメファン,,second-label
ひれおくん,,second-label
ファッションリーダー,,second-label
フェード,,second-label
副社長,,second-label
プライムシューター使い,,second-label
プランナー,,second-label
プリンス,,second-label
プロデューサー,,second-label
ベーシスト,,second-label
ベテラン,,second-label
ぼうし好き,,second-label
ボーカル,,second-label
ボケ,,second-label
ホタックス好き,,second-label
ホップソナー使い,,second-label
哺乳類,,second-label
魔王,,second-label
マッシュ,,second-label
マネージャー,,second-label
マンガ家,,second-label
虫,,second-label
名人,,second-label
メンタル,,second-label
モヒカン,,second-label
ヤコ好き,,second-label
ライフスタイル,,second-label
リーゼント,,second-label
竜宮城,,second-label
浪人,,second-label
ロボットボム使い,,second-label
わかばシューター使い,,second-label
14式竹筒銃使い,,second-label
4Kスコープ使い,,second-label
AI,,second-label
CEO,,second-label
From Bottomファン,,second-label
L3リールガン使い,,second-label
OCTOTOOLファン,,second-label
Squid Squadファン,,second-label
,,second-label
アイツ,,second-label
アオリファン,,second-label
アシメ,,second-label
暑がり,,second-label
アメフラシ使い,,second-label
アンドロイド,,second-label
イカ省略,,second-label
イカリング,,second-label
逸材,,second-label
命,,second-label
インクリング,,second-label
ウェービー,,second-label
ウツボ,,second-label
海坊主,,second-label
エイ,,second-label
エナジースタンド使い,,second-label
オーバーフロッシャー使い,,second-label
おかあさん,,second-label
お子様,,second-label
お寿司,,second-label
おつまみ,,second-label
踊り子,,second-label
おばあさん,,second-label
オマケ,,second-label
カーリーヘア,,second-label
海水魚,,second-label
ガキ大将,,second-label
ガチアサリ好き,,second-label
ガチホコバトル好き,,second-label
合食禁ファン,,second-label
カメラマン,,second-label
カラダ,,second-label
観光客,,second-label
記憶,,second-label
ギタリスト,,second-label
ギャンブラー,,second-label
兄弟,,second-label
魚拓,,second-label
キング,,second-label
食いしんぼう,,second-label
クツ屋常連,,second-label
クラッシュブラスター使い,,second-label
グレートバリア使い,,second-label
ゲーマー,,second-label
原始人,,second-label
コーチ,,second-label
コブシ,,second-label
サーモンランマスター,,second-label
作家,,second-label
サブカル好き,,second-label
サメ,,second-label
参謀,,second-label
ジェットパック使い,,second-label
師匠,,second-label
シチリン好き,,second-label
四天王,,second-label
シャープマーカー使い,,second-label
シャケライフ,,second-label
ジャンパー,,second-label
守護神,,second-label
職人,,second-label
ショップ店員,,second-label
人生,,second-label
新郎,,second-label
スクリュースロッシャー使い,,second-label
ストリーマー,,second-label
スパイガジェット使い,,second-label
スプラスピナー使い,,second-label
スプラマニューバー使い,,second-label
スライダー,,second-label
スロースターター,,second-label
セレブ,,second-label
仙人,,second-label
存在,,second-label
大統領,,second-label
台風の目,,second-label
タコゾネス,,second-label
盾,,second-label
ダンサー,,second-label
チャンピオン,,second-label
ツインテ,,second-label
釣り人,,second-label
デュアルスイーパー使い,,second-label
頭足類,,second-label
トーピード使い,,second-label
トライストリンガー使い,,second-label
トラップ使い,,second-label
トリプルトルネード使い,,second-label
仲間,,second-label
涙,,second-label
二枚貝,,second-label
ニンジャ,,second-label
ノーチラス使い,,second-label
配管工,,second-label
バイトリーダー,,second-label
博士,,second-label
働き者,,second-label
はにかみやさん,,second-label
バラズシ好き,,second-label
ハンター,,second-label
ヒーローモード好き,,second-label
ビッグマウス,,second-label
干物,,second-label
ピン芸人,,second-label
ファンタジー,,second-label
フォーリマ好き,,second-label
フク屋常連,,second-label
ブラザーズ,,second-label
フリーク,,second-label
プリンセス,,second-label
プロモデラー使い,,second-label
ヘッズ,,second-label
ポイズンミスト使い,,second-label
ボウズ,,second-label
ボードゲーマー,,second-label
ホコ,,second-label
ホタルファン,,second-label
ボディガード,,second-label
ボマー,,second-label
孫,,second-label
的,,second-label
魔法使い,,second-label
マンタローファン,,second-label
息子,,second-label
メガネ好き,,second-label
メンバー,,second-label
勇者,,second-label
ラインマーカー使い,,second-label
リーダー,,second-label
漁師,,second-label
ロッカーマニア,,second-label
ロングブラスター使い,,second-label
１号,,second-label
４号,,second-label
Bガール,,second-label
Dedf1shファン,,second-label
Front Roeファン,,second-label
LACT-450使い,,second-label
R-PEN使い,,second-label
Tシャツ好き,,second-label
アイドル,,second-label
赤ちゃん,,second-label
アスリート,,second-label
アナアキ好き,,second-label
荒くれ者,,second-label
イイダファン,,second-label
イカスミ,,second-label
イカローラー,,second-label
一般人,,second-label
いもうと,,second-label
インフルエンサー,,second-label
ウェット,,second-label
ウツボ使い,,second-label
海人,,second-label
エージェント,,second-label
エレガンス,,second-label
オオモノ,,second-label
オカシラ,,second-label
おじいさん,,second-label
オタク,,second-label
おでん,,second-label
鬼,,second-label
オバケ,,second-label
お祭り好き,,second-label
カーリングボム使い,,second-label
会長,,second-label
学生,,second-label
ガチアサリマスター,,second-label
ガチホコマスター,,second-label
カニタンク使い,,second-label
カモン,,second-label
カリスマ,,second-label
監督,,second-label
着こなし,,second-label
気分,,second-label
キューインキ使い,,second-label
恐竜,,second-label
切りこみ隊長,,second-label
筋肉,,second-label
クイックボム使い,,second-label
クマ,,second-label
クラブ,,second-label
玄人,,second-label
毛玉,,second-label
小悪魔,,second-label
コーデ,,second-label
子分,,second-label
サイエンティスト,,second-label
ザッカコレクター,,second-label
サポーター,,second-label
サメ使い,,second-label
三枚目,,second-label
シオカラーズファン,,second-label
シスターズ,,second-label
執事,,second-label
姉妹,,second-label
若輩者,,second-label
社長,,second-label
ジャンプビーコン使い,,second-label
潤滑油,,second-label
ショクワンダー使い,,second-label
真実,,second-label
新入生,,second-label
スイッチヒッター,,second-label
スケーター,,second-label
スニーカー好き,,second-label
スパッタリー使い,,second-label
スプラチャージャー使い,,second-label
スプラローラー使い,,second-label
すりみ,,second-label
責任者,,second-label
全一,,second-label
センパイ,,second-label
村長,,second-label
タイトルホルダー,,second-label
太陽,,second-label
タコライフ,,second-label
タテロール,,second-label
タンサンボム使い,,second-label
チャンプルー,,second-label
月,,second-label
ツンツン,,second-label
天才,,second-label
頭皮,,second-label
読書家,,second-label
ドライバー,,second-label
ドラマー,,second-label
トルネード,,second-label
夏祭り,,second-label
ナワバリバトル好き,,second-label
二枚目,,second-label
ネコ,,second-label
バイキング,,second-label
バイリンガル,,second-label
はぐれ者,,second-label
ぱっつん,,second-label
パパ,,second-label
パリピ,,second-label
番長,,second-label
ヒーローモードマスター,,second-label
ヒッセン使い,,second-label
美容師,,second-label
ファイター,,second-label
フウカファン,,second-label
部下,,second-label
節,,second-label
プランクトン,,second-label
フリーランス,,second-label
フレンド,,second-label
ベイビー,,second-label
ペット,,second-label
ポイントセンサー使い,,second-label
方程式,,second-label
ボールドマーカー使い,,second-label
捕食者,,second-label
ホッコリー好き,,second-label
ボトルガイザー使い,,second-label
マスク,,second-label
マドンナ,,second-label
ママ,,second-label
ミステリー,,second-label
娘,,second-label
めがねっ子,,second-label
申し子,,second-label
雪だるま,,second-label
ラッパー,,second-label
リッター4K使い,,second-label
料理人,,second-label
ロッケンベルグ好き,,second-label
ロングヘア,,second-label