キャラ ARD,/splat-capsule-simulator/sticker.svg,locker-sticker
キャラ ARE-IK,/splat-capsule-simulator/sticker.svg,locker-sticker
キャラ ARE-TK,/splat-capsule-simulator/sticker.svg,locker-sticker
キャラ FBS-BL,/splat-capsule-simulator/sticker.svg,locker-sticker
キャラ FBS-PI,/splat-capsule-simulator/sticker.svg,locker-sticker
キャラ HSS,/splat-capsule-simulator/sticker.svg,locker-sticker
キャラ IKJ-BL,/splat-capsule-simulator/sticker.svg,locker-sticker
キャラ IKJ-PI,/splat-capsule-simulator/sticker.svg,locker-sticker
キャラ IKJ-YE,/splat-capsule-simulator/sticker.svg,locker-sticker
キャラ ISJ-HO,/splat-capsule-simulator/sticker.svg,locker-sticker
キャラ ISJ-YE,/splat-capsule-simulator/sticker.svg,locker-sticker
キャラ IYD-HO,/splat-capsule-simulator/sticker.svg,locker-sticker
キャラ KBZ,/splat-capsule-simulator/sticker.svg,locker-sticker
キャラ KIJ,/splat-capsule-simulator/sticker.svg,locker-sticker
キャラ KIK,/splat-capsule-simulator/sticker.svg,locker-sticker
キャラ KSK,/splat-capsule-simulator/sticker.svg,locker-sticker
キャラ MIK,/splat-capsule-simulator/sticker.svg,locker-sticker
キャラ MLQ,/splat-capsule-simulator/sticker.svg,locker-sticker
キャラ NBG,/splat-capsule-simulator/sticker.svg,locker-sticker
キャラ OCB,/splat-capsule-simulator/sticker.svg,locker-sticker
キャラ SKM,/splat-capsule-simulator/sticker.svg,locker-sticker
キャラ SMP-BA,/splat-capsule-simulator/sticker.svg,locker-sticker
キャラ SMP-MA,/splat-capsule-simulator/sticker.svg,locker-sticker
キャラ TKM,/splat-capsule-simulator/sticker.svg,locker-sticker
キャラ TSJ-GO,/splat-capsule-simulator/sticker.svg,locker-sticker
キャラ TSJ-PU,/splat-capsule-simulator/sticker.svg,locker-sticker
キャラ WIK-HN,/splat-capsule-simulator/sticker.svg,locker-sticker
キャラ WIK-NO,/splat-capsule-simulator/sticker.svg,locker-sticker
キャラ WIT,/splat-capsule-simulator/sticker.svg,locker-sticker
キャラ WTK,/splat-capsule-simulator/sticker.svg,locker-sticker
グラフィティ BKB,/splat-capsule-simulator/sticker.svg,locker-sticker
グラフィティ EZK,/splat-capsule-simulator/sticker.svg,locker-sticker
グラフィティ GPI,/splat-capsule-simulator/sticker.svg,locker-sticker
グラフィティ HIT,/splat-capsule-simulator/sticker.svg,locker-sticker
グラフィティ HSI,/splat-capsule-simulator/sticker.svg,locker-sticker
グラフィティ IIK,/splat-capsule-simulator/sticker.svg,locker-sticker
グラフィティ JMT,/splat-capsule-simulator/sticker.svg,locker-sticker
グラフィティ KLO,/splat-capsule-simulator/sticker.svg,locker-sticker
グラフィティ SIS,/splat-capsule-simulator/sticker.svg,locker-sticker
グラフィティ TEI,/splat-capsule-simulator/sticker.svg,locker-sticker
グラフィティ TKA,/splat-capsule-simulator/sticker.svg,locker-sticker
グラフィティ TKG,/splat-capsule-simulator/sticker.svg,locker-sticker
グラフィティ YAZ,/splat-capsule-simulator/sticker.svg,locker-sticker
しんぶんし KND,/splat-capsule-simulator/sticker.svg,locker-sticker
ステッカー CSK,/splat-capsule-simulator/sticker.svg,locker-sticker
ステッカー DNK-PI,/splat-capsule-simulator/sticker.svg,locker-sticker
ステッカー GDJ,/splat-capsule-simulator/sticker.svg,locker-sticker
ステッカー HHK,/splat-capsule-simulator/sticker.svg,locker-sticker
ステッカー HMD,/splat-capsule-simulator/sticker.svg,locker-sticker
ステッカー HMS,/splat-capsule-simulator/sticker.svg,locker-sticker
ステッカー IJM,/splat-capsule-simulator/sticker.svg,locker-sticker
ステッカー IKD,/splat-capsule-simulator/sticker.svg,locker-sticker
ステッカー IKW-RB,/splat-capsule-simulator/sticker.svg,locker-sticker
ステッカー IKW-TP,/splat-capsule-simulator/sticker.svg,locker-sticker
ステッカー MNT,/splat-capsule-simulator/sticker.svg,locker-sticker
ステッカー NMG,/splat-capsule-simulator/sticker.svg,locker-sticker
ステッカー OFD,/splat-capsule-simulator/sticker.svg,locker-sticker
ステッカー SGH,/splat-capsule-simulator/sticker.svg,locker-sticker
ステッカー SHB-YE,/splat-capsule-simulator/sticker.svg,locker-sticker
ステッカー SHL-YE,/splat-capsule-simulator/sticker.svg,locker-sticker
ステッカー SMJ-BL,/splat-capsule-simulator/sticker.svg,locker-sticker
ステッカー SMJ-OR,/splat-capsule-simulator/sticker.svg,locker-sticker
ステッカー SMJ-PI,/splat-capsule-simulator/sticker.svg,locker-sticker
ステッカー SQR-NA,/splat-capsule-simulator/sticker.svg,locker-sticker
ステッカー STS-BL,/splat-capsule-simulator/sticker.svg,locker-sticker
ステッカー STS-RE,/splat-capsule-simulator/sticker.svg,locker-sticker
ステッカー TSS,/splat-capsule-simulator/sticker.svg,locker-sticker
ステッカー WMC-RE,/splat-capsule-simulator/sticker.svg,locker-sticker
ステッカー WMF,/splat-capsule-simulator/sticker.svg,locker-sticker
ステッカー WML-GR,/splat-capsule-simulator/sticker.svg,locker-sticker
ステンシル DRM,/splat-capsule-simulator/sticker.svg,locker-sticker
ステンシル KIT,/splat-capsule-simulator/sticker.svg,locker-sticker
ステンシル TNU,/splat-capsule-simulator/sticker.svg,locker-sticker
チラシ TNA,/splat-capsule-simulator/sticker.svg,locker-sticker
テープ HHI,/splat-capsule-simulator/sticker.svg,locker-sticker
テープ TIK,/splat-capsule-simulator/sticker.svg,locker-sticker
テープ ZNH,/splat-capsule-simulator/sticker.svg,locker-sticker
デコ DIN-BL,/splat-capsule-simulator/sticker.svg,locker-sticker
デコ DIN-PI,/splat-capsule-simulator/sticker.svg,locker-sticker
デコ HDS,/splat-capsule-simulator/sticker.svg,locker-sticker
デコ HRT-DB,/splat-capsule-simulator/sticker.svg,locker-sticker
デコ HRT-SL,/splat-capsule-simulator/sticker.svg,locker-sticker
デコ HUK,/splat-capsule-simulator/sticker.svg,locker-sticker
デコ MDM-GU,/splat-capsule-simulator/sticker.svg,locker-sticker
デコ MDM-KO,/splat-capsule-simulator/sticker.svg,locker-sticker
デコ MDM-MI,/splat-capsule-simulator/sticker.svg,locker-sticker
デコ MDM-OK,/splat-capsule-simulator/sticker.svg,locker-sticker
デコ MDM-WI,/splat-capsule-simulator/sticker.svg,locker-sticker
デコ YMY,/splat-capsule-simulator/sticker.svg,locker-sticker
はりがみ KIW,/splat-capsule-simulator/sticker.svg,locker-sticker
はりがみ SUM-HU,/splat-capsule-simulator/sticker.svg,locker-sticker
はりがみ SUM-SA,/splat-capsule-simulator/sticker.svg,locker-sticker
ひょうしき ADI,/splat-capsule-simulator/sticker.svg,locker-sticker
ひょうしき ANU,/splat-capsule-simulator/sticker.svg,locker-sticker
ひょうしき DRT,/splat-capsule-simulator/sticker.svg,locker-sticker
ひょうしき KBA,/splat-capsule-simulator/sticker.svg,locker-sticker
ひょうしき KBZ,/splat-capsule-simulator/sticker.svg,locker-sticker
ひょうしき KGD,/splat-capsule-simulator/sticker.svg,locker-sticker
ひょうしき KNM,/splat-capsule-simulator/sticker.svg,locker-sticker
ひょうしき KNS,/splat-capsule-simulator/sticker.svg,locker-sticker
ひょうしき NAM,/splat-capsule-simulator/sticker.svg,locker-sticker
ひょうしき SUB,/splat-capsule-simulator/sticker.svg,locker-sticker
ひょうしき TKN,/splat-capsule-simulator/sticker.svg,locker-sticker
ポスター ANG,/splat-capsule-simulator/sticker.svg,locker-sticker
ポスター BLS,/splat-capsule-simulator/sticker.svg,locker-sticker
ポスター EPR,/splat-capsule-simulator/sticker.svg,locker-sticker
ポスター HIM,/splat-capsule-simulator/sticker.svg,locker-sticker
ポスター IID,/splat-capsule-simulator/sticker.svg,locker-sticker
ポスター IRN,/splat-capsule-simulator/sticker.svg,locker-sticker
ポスター NMM,/splat-capsule-simulator/sticker.svg,locker-sticker
ポスター ONS,/splat-capsule-simulator/sticker.svg,locker-sticker
ポスター RMI,/splat-capsule-simulator/sticker.svg,locker-sticker
ポスター SGP,/splat-capsule-simulator/sticker.svg,locker-sticker
ポスター SPN,/splat-capsule-simulator/sticker.svg,locker-sticker
ポスター SQD,/splat-capsule-simulator/sticker.svg,locker-sticker
ポスター TSN,/splat-capsule-simulator/sticker.svg,locker-sticker
ロゴ アイロニック,/splat-capsule-simulator/sticker.svg,locker-sticker
ロゴ アナアキ,/splat-capsule-simulator/sticker.svg,locker-sticker
ロゴ アロメ,/splat-capsule-simulator/sticker.svg,locker-sticker
ロゴ イカ2-BL,/splat-capsule-simulator/sticker.svg,locker-sticker
ロゴ イカ3,/splat-capsule-simulator/sticker.svg,locker-sticker
ロゴ イカテンきゅうびん,/splat-capsule-simulator/sticker.svg,locker-sticker
ロゴ エゾッコ BIR,/splat-capsule-simulator/sticker.svg,locker-sticker
ロゴ エゾッコ HST,/splat-capsule-simulator/sticker.svg,locker-sticker
ロゴ エゾッコ MLT,/splat-capsule-simulator/sticker.svg,locker-sticker
ロゴ エンペリー,/splat-capsule-simulator/sticker.svg,locker-sticker
ロゴ クラーゲス,/splat-capsule-simulator/sticker.svg,locker-sticker
ロゴ シグレニ,/splat-capsule-simulator/sticker.svg,locker-sticker
ロゴ シチリン,/splat-capsule-simulator/sticker.svg,locker-sticker
ロゴ タコ3,/splat-capsule-simulator/sticker.svg,locker-sticker
ロゴ タタキケンサキ,/splat-capsule-simulator/sticker.svg,locker-sticker
ロゴ バトロイカ,/splat-capsule-simulator/sticker.svg,locker-sticker
ロゴ バラズシ,/splat-capsule-simulator/sticker.svg,locker-sticker
ロゴ フォーリマ,/splat-capsule-simulator/sticker.svg,locker-sticker
ロゴ ホタックス,/splat-capsule-simulator/sticker.svg,locker-sticker
ロゴ ホッコリー HKN-RE,/splat-capsule-simulator/sticker.svg,locker-sticker
ロゴ ホッコリー HKN-YE,/splat-capsule-simulator/sticker.svg,locker-sticker
ロゴ ホッコリー MJD,/splat-capsule-simulator/sticker.svg,locker-sticker
ロゴ ヤコ,/splat-capsule-simulator/sticker.svg,locker-sticker
ロゴ ロッケンベルグ,/splat-capsule-simulator/sticker.svg,locker-sticker