プレート,https://img.gamewith.jp/article_tools/splatoon3/gacha/pl88.png,
プレート,https://img.gamewith.jp/article_tools/splatoon3/gacha/pl87.png,
プレート,https://img.gamewith.jp/article_tools/splatoon3/gacha/pl86.png,
プレート,https://img.gamewith.jp/article_tools/splatoon3/gacha/pl85.png,
プレート,https://img.gamewith.jp/article_tools/splatoon3/gacha/pl84.png,
プレート,https://img.gamewith.jp/article_tools/splatoon3/gacha/pl81.png,
プレート,https://img.gamewith.jp/article_tools/splatoon3/gacha/pl9.png,
プレート,https://img.gamewith.jp/article_tools/splatoon3/gacha/pl15.png,
プレート,https://img.gamewith.jp/article_tools/splatoon3/gacha/pl82.png,
プレート,https://img.gamewith.jp/article_tools/splatoon3/gacha/pl83.png,
プレート,https://img.gamewith.jp/article_tools/splatoon3/gacha/pl89.png,
プレート,https://img.gamewith.jp/article_tools/splatoon3/gacha/pl80.png,
プレート,https://img.gamewith.jp/article_tools/splatoon3/gacha/pl76.png,
プレート,https://img.gamewith.jp/article_tools/splatoon3/gacha/pl77.png,
プレート,https://img.gamewith.jp/article_tools/splatoon3/gacha/pl78.png,
プレート,https://img.gamewith.jp/article_tools/splatoon3/gacha/pl79.png,
プレート,https://img.gamewith.jp/article_tools/splatoon3/gacha/pl71.png,
プレート,https://img.gamewith.jp/article_tools/splatoon3/gacha/pl25.png,
プレート,https://img.gamewith.jp/article_tools/splatoon3/gacha/pl26.png,
プレート,https://img.gamewith.jp/article_tools/splatoon3/gacha/pl30.png,
プレート,https://img.gamewith.jp/article_tools/splatoon3/gacha/pl72.png,
プレート,https://img.gamewith.jp/article_tools/splatoon3/gacha/pl73.png,
プレート,https://img.gamewith.jp/article_tools/splatoon3/gacha/pl74.png,
プレート,https://img.gamewith.jp/article_tools/splatoon3/gacha/pl75.png,
プレート,https://img.gamewith.jp/article_tools/splatoon3/gacha/pl68.png,
プレート,https://img.gamewith.jp/article_tools/splatoon3/gacha/pl69.png,
プレート,https://img.gamewith.jp/article_tools/splatoon3/gacha/pl70.png,
プレート,https://img.gamewith.jp/article_tools/splatoon3/gacha/pl23.png,
プレート,https://img.gamewith.jp/article_tools/splatoon3/gacha/pl14.png,
プレート,https://img.gamewith.jp/article_tools/splatoon3/gacha/pl65.png,
プレート,https://img.gamewith.jp/article_tools/splatoon3/gacha/pl66.png,
プレート,https://img.gamewith.jp/article_tools/splatoon3/gacha/pl67.png,
プレート,https://img.gamewith.jp/article_tools/splatoon3/gacha/pl60.png,
プレート,https://img.gamewith.jp/article_tools/splatoon3/gacha/pl61.png,
プレート,https://img.gamewith.jp/article_tools/splatoon3/gacha/pl62.png,
プレート,https://img.gamewith.jp/article_tools/splatoon3/gacha/pl31.png,
プレート,https://img.gamewith.jp/article_tools/splatoon3/gacha/pl55.png,
プレート,https://img.gamewith.jp/article_tools/splatoon3/gacha/pl57.png,
プレート,https://img.gamewith.jp/article_tools/splatoon3/gacha/pl58.png,
プレート,https://img.gamewith.jp/article_tools/splatoon3/gacha/pl59.png,
プレート,https://img.gamewith.jp/article_tools/splatoon3/gacha/pl13.png,
プレート,https://img.gamewith.jp/article_tools/splatoon3/gacha/pl63.png,
プレート,https://img.gamewith.jp/article_tools/splatoon3/gacha/pl64.png,
プレート,https://img.gamewith.jp/article_tools/splatoon3/gacha/pl29.png,
プレート,https://img.gamewith.jp/article_tools/splatoon3/gacha/pl16.png,
プレート,https://img.gamewith.jp/article_tools/splatoon3/gacha/pl53.png,
プレート,https://img.gamewith.jp/article_tools/splatoon3/gacha/pl54.png,
プレート,https://img.gamewith.jp/article_tools/splatoon3/gacha/pl56.png,
プレート,https://img.gamewith.jp/article_tools/splatoon3/gacha/pl50.png,
プレート,https://img.gamewith.jp/article_tools/splatoon3/gacha/pl51.png,
プレート,https://img.gamewith.jp/article_tools/splatoon3/gacha/pl52.png,
プレート,https://img.gamewith.jp/article_tools/splatoon3/gacha/pl10.png,
プレート,https://img.gamewith.jp/article_tools/splatoon3/gacha/pl46.png,
プレート,https://img.gamewith.jp/article_tools/splatoon3/gacha/pl47.png,
プレート,https://img.gamewith.jp/article_tools/splatoon3/gacha/pl48.png,
プレート,https://img.gamewith.jp/article_tools/splatoon3/gacha/pl49.png,
プレート,https://img.gamewith.jp/article_tools/splatoon3/gacha/pl41.png,
プレート,https://img.gamewith.jp/article_tools/splatoon3/gacha/pl42.png,normal-plate
プレート,https://img.gamewith.jp/article_tools/splatoon3/gacha/pl43.png,normal-plate
プレート,https://img.gamewith.jp/article_tools/splatoon3/gacha/pl44.png,normal-plate
プレート,https://img.gamewith.jp/article_tools/splatoon3/gacha/pl45.png,normal-plate
プレート,https://img.gamewith.jp/article_tools/splatoon3/gacha/pl27.png,normal-plate
プレート,https://img.gamewith.jp/article_tools/splatoon3/gacha/pl28.png,normal-plate
プレート,https://img.gamewith.jp/article_tools/splatoon3/gacha/pl97.png,normal-plate
プレート,https://img.gamewith.jp/article_tools/splatoon3/gacha/pl38.png,normal-plate
プレート,https://img.gamewith.jp/article_tools/splatoon3/gacha/pl39.png,normal-plate
プレート,https://img.gamewith.jp/article_tools/splatoon3/gacha/pl40.png,normal-plate
プレート,https://img.gamewith.jp/article_tools/splatoon3/gacha/pl37.png,normal-plate
プレート,https://img.gamewith.jp/article_tools/splatoon3/gacha/pl2.png,normal-plate
プレート,https://img.gamewith.jp/article_tools/splatoon3/gacha/pl17.png,normal-plate
プレート,https://img.gamewith.jp/article_tools/splatoon3/gacha/pl18.png,normal-plate
プレート,https://img.gamewith.jp/article_tools/splatoon3/gacha/pl19.png,normal-plate
プレート,https://img.gamewith.jp/article_tools/splatoon3/gacha/pl20.png,normal-plate
プレート,https://img.gamewith.jp/article_tools/splatoon3/gacha/pl24.png,normal-plate
プレート,https://img.gamewith.jp/article_tools/splatoon3/gacha/pl33.png,normal-plate
プレート,https://img.gamewith.jp/article_tools/splatoon3/gacha/pl35.png,normal-plate
プレート,https://img.gamewith.jp/article_tools/splatoon3/gacha/pl36.png,normal-plate
プレート,https://img.gamewith.jp/article_tools/splatoon3/gacha/pl34.png,normal-plate
プレート,https://img.gamewith.jp/article_tools/splatoon3/gacha/pl32.png,normal-plate
プレート,https://img.gamewith.jp/article_tools/splatoon3/gacha/pl22.png,normal-plate