SFマンガ,,locker-object
アサリ,,locker-object
アタッシェケース,,locker-object
あやしいゴミばこ,,locker-object
イカクッション イエロー,,locker-object
イカクッション オレンジ,,locker-object
イカクッション グリーン,,locker-object
イカクッション パープル,,locker-object
イカクッション ピンク,,locker-object
イカクッション ブルー,,locker-object
イカゲソフィーバー,,locker-object
イカコレクション,,locker-object
イカストラップ,,locker-object
イカテンきゅうびんのダンボール,,locker-object
イカニンデン,,locker-object
イカバンカー オレンジ,,locker-object
イカバンカー グリーン,,locker-object
イカバンカー ピンク,,locker-object
イカバンカー ブラック,,locker-object
イカバンカー ブルー,,locker-object
イカフレンド アニマ,,locker-object
イカフレンド アビス,,locker-object
イカフレンド インフェルノ,,locker-object
イカフレンド ドリーム,,locker-object
イカフレンド ヘブン,,locker-object
イカフレンド ヘル,,locker-object
イカペッタンマン,,locker-object
イカめしライフ,,locker-object
イソロック,,locker-object
エナジーソーダ,,locker-object
オイルかん,,locker-object
おおきいたまよけ オレンジ,,locker-object
おおきいたまよけ グリーン,,locker-object
おおきいたまよけ パープル,,locker-object
カリカリスナック,,locker-object
かんドロップ オレンジ,,locker-object
かんドロップ ブルー,,locker-object
ガスボンベ グレー,,locker-object
ガチアサリ,,locker-object
ガチホコ,,locker-object
ガチホコバトルのゴール,,locker-object
ガチヤグラ,,locker-object
きのふね,,locker-object
きばこ L,,locker-object
きばこ S,,locker-object
きばこ アタリメイド,,locker-object
きばこ ラッピング,,locker-object
きゃたつ,,locker-object
ギアスナップ,,locker-object
ギャグマンガ,,locker-object
クラーケン,,locker-object
クーラーボックス,,locker-object
ゲソキューブ,,locker-object
コードリール,,locker-object
サキイカ通信,,locker-object
サクサクスナック,,locker-object
サザエマン ゴースト,,locker-object
サザエマン スカイ,,locker-object
サザエマン ダークネス,,locker-object
サザエマン ノーマル,,locker-object
サザエマン ファイア,,locker-object
サザエマン ラヴ,,locker-object
サルカニパラダイス,,locker-object
シャケでもわかる塗りマナー,,locker-object
シャケバルーン,,locker-object
しょうかき,,locker-object
シリアル ココナッツ,,locker-object
シリアル シュガー,,locker-object
シリアル チョコ,,locker-object
シンカイズム,,locker-object
しんぶんしのたば,,locker-object
ジンジャーエール,,locker-object
スケートボード インクスプラット,,locker-object
スケートボード サルカニ,,locker-object
スケートボード デボンモノグラム,,locker-object
スケートボード ビッグロゴ,,locker-object
スケートボード ホタックス,,locker-object
スケートボード ムシャムシャくん,,locker-object
スコップ,,locker-object
スペシャルカンヅメ,,locker-object
スポナー,,locker-object
スポーツマンガ,,locker-object
スーパーイカタコング,,locker-object
スーパーサザエ,,locker-object
せんざい クリーン,,locker-object
せんざい パワフル,,locker-object
そくりょうき,,locker-object
タコストラップ,,locker-object
たまよけ イエロー,,locker-object
たまよけ ピンク,,locker-object
たまよけ ブルー,,locker-object
ダンシングフラワー,,locker-object
ダンボール,,locker-object
チョビットマニア,,locker-object
トランシーバー,,locker-object
トンネル倶楽部,,locker-object
ナゾのひもの,,locker-object
ナマコフォン,,locker-object
ぬれないはこ L,,locker-object
ぬれないはこ S,,locker-object
ねっけつ！イカアタック,,locker-object
ハイカラウォーカー,,locker-object
はこ L,,locker-object
はこ S,,locker-object
はこアイス,,locker-object
はこティッシュ,,locker-object
バケツ レッド,,locker-object
バケツブルー,,locker-object
パイプいす,,locker-object
パイロン,,locker-object
パリパリスナック,,locker-object
ビニールがさ,,locker-object
ビンイクラ,,locker-object
ファンタジー小説,,locker-object
ブキプレス,,locker-object
プロセスチーズ,,locker-object
ベストセラー小説,,locker-object
ボトルクレート,,locker-object
ポップサイダー,,locker-object
マグカップ アゲホイップ,,locker-object
マグカップ サルカニ,,locker-object
マグカップ タッコーズ,,locker-object
マグカップ チェリー,,locker-object
マグカップ バトロイカ,,locker-object
マグカップ ミスターシュラッグ,,locker-object
マグロさん,,locker-object
ミスターシュラッグ,,locker-object
ミズシュラッグ,,locker-object
ムシャムシャスナック うすしお,,locker-object
ムシャムシャスナック チーズ,,locker-object
ムシャムシャスナック テリヤキ,,locker-object
ムシャムシャスナック ワサビ,,locker-object
リズムDEイッカー,,locker-object
ロングイカフレンド コットンキャンディ,,locker-object
少女マンガ ～かけひき～,,locker-object
少女マンガ ～ためいき～,,locker-object
少女マンガ ～ときめき～,,locker-object
週刊少年ジンベー 増刊号,,locker-object
週刊少年ジンベー 最新号,,locker-object
週刊少年ジンベー 特大号,,locker-object