１００％,,first-label
50%,,first-label
B系,,first-label
VR,,first-label
１０年前は,,first-label
5年後には,,first-label
DJ,,first-label
Xマッチの,,first-label
１０本足の,,first-label
８本足の,,first-label
I LOVE,,first-label
３％,,first-label
amiiboの,,first-label
IT界の,,first-label
愛にあふれた,,first-label
秋色の,,first-label
明日から本気出す,,first-label
アッサリ系の,,first-label
アニメ好きの,,first-label
甘い,,first-label
アメカジ,,first-label
ありふれた,,first-label
イカした,,first-label
石の上にも,,first-label
いちにんまえの,,first-label
いなかの,,first-label
いわゆる,,first-label
インスタント,,first-label
ウキワの,,first-label
海の,,first-label
売れ残った,,first-label
映画好きの,,first-label
エッジの効いた,,first-label
老いた,,first-label
大空の,,first-label
おしゃべりな,,first-label
お茶の間の,,first-label
おませな,,first-label
あいまいな,,first-label
秋の,,first-label
味のある,,first-label
あったか～い,,first-label
アバンギャルド,,first-label
アマチュア,,first-label
新手の,,first-label
アルティメット,,first-label
イカす,,first-label
異世界の,,first-label
いつだって,,first-label
井の中の,,first-label
インク切れの,,first-label
インドアな,,first-label
宇宙の,,first-label
海辺の,,first-label
運まかせの,,first-label
笑顔がまぶしい,,first-label
エラ呼吸の,,first-label
お絵描きする,,first-label
オーダーメイドの,,first-label
おしゃれな,,first-label
おつかれの,,first-label
音速の,,first-label
アウトドアな,,first-label
朝型の,,first-label
アタマ屋の,,first-label
圧倒的,,first-label
アブラの乗った,,first-label
甘党の,,first-label
荒波の,,first-label
アングラの,,first-label
イカッチャの,,first-label
いちおう,,first-label
一本釣りの,,first-label
今を生きる,,first-label
インクしたたる,,first-label
インド洋の,,first-label
うっかりものの,,first-label
裏通りの,,first-label
運命の,,first-label
エスニック系,,first-label
エレガントな,,first-label
大きな,,first-label
おカネが全ての,,first-label
推せる,,first-label
お肉好きの,,first-label
アガる,,first-label
明日が楽しみな,,first-label
アツアツの,,first-label
あっぱれ,,first-label
あふれ出る,,first-label
海女美術大学の,,first-label
アラマキ砦の,,first-label
いい波乗ってる,,first-label
イキのいい,,first-label
一日,,first-label
いつもの,,first-label
今を楽しむ,,first-label
インクまみれの,,first-label
ヴィジュアル系,,first-label
生まれながらの,,first-label
ウルトラ,,first-label
えいえんの,,first-label
エターナル,,first-label
おいしい,,first-label
大食いの,,first-label
お魚好きの,,first-label
おちゃのこさいさい,,first-label
鬼のような,,first-label
海鮮,,first-label
かがやく,,first-label
かけだしの,,first-label
風の,,first-label
カバー好きな,,first-label
辛党の,,first-label
干潮の,,first-label
キケンな,,first-label
気まぐれな,,first-label
強運の,,first-label
協力好きな,,first-label
ギラギラな,,first-label
キンメダイ美術館の,,first-label
クサヤ温泉の,,first-label
グランジ,,first-label
紅の,,first-label
けなげな,,first-label
健康的な,,first-label
高性能の,,first-label
ゴキゲンな,,first-label
ゴス,,first-label
今年の,,first-label
ゴンズイ地区の,,first-label
海パン,,first-label
隠れ上手の,,first-label
影の,,first-label
かたい,,first-label
神がかった,,first-label
カリスマ,,first-label
がんばる,,first-label
北大西洋の,,first-label
気持ちのこもった,,first-label
今日が誕生日の,,first-label
巨大化した,,first-label
霧の中の,,first-label
空前絶後の,,first-label
グッド,,first-label
グルメな,,first-label
芸術的な,,first-label
ケバい,,first-label
研修中の,,first-label
硬派な,,first-label
国民的,,first-label
コスパのいい,,first-label
子どもっぽい,,first-label
混沌の,,first-label
買い物好きの,,first-label
隠れた,,first-label
加工された,,first-label
ガチ,,first-label
雷の,,first-label
感情的な,,first-label
カンペキな,,first-label
北太平洋の,,first-label
究極の,,first-label
今日だけ特別,,first-label
去年の,,first-label
きれいめの,,first-label
クールな,,first-label
クツ屋の,,first-label
クレーターの,,first-label
ゲーセンの,,first-label
ケバ立つ,,first-label
恋する,,first-label
荒野の,,first-label
孤高の,,first-label
こってり系の,,first-label
ゴリ押しの,,first-label
帰ってきた,,first-label
かぐわしい,,first-label
過去から来た,,first-label
カチカチの,,first-label
カメラ目線の,,first-label
完全燃焼した,,first-label
記憶のない,,first-label
昨日は,,first-label
休日の,,first-label
今日は,,first-label
キラキラな,,first-label
金欠の,,first-label
くさっても,,first-label
クマサン商会の,,first-label
グレート,,first-label
ゲーミング,,first-label
限界を超えた,,first-label
好奇心旺盛な,,first-label
護衛好きな,,first-label
ゴシック,,first-label
こどくな,,first-label
ゴワゴワの,,first-label
ザ・,,first-label
才色兼備な,,first-label
さすらいの,,first-label
悟った,,first-label
三国一の,,first-label
さんぽ好きの,,first-label
仕事好きな,,first-label
時代おくれの,,first-label
しびれる,,first-label
自由自在な,,first-label
祝・,,first-label
純白の,,first-label
招待された,,first-label
司令にあこがれる,,first-label
神速の,,first-label
筋金入りの,,first-label
スポーティー,,first-label
スライドする,,first-label
正座中の,,first-label
せっかちな,,first-label
攻める,,first-label
センチメンタルな,,first-label
早朝の,,first-label
そんなこんなで,,first-label
体育会系,,first-label
だいたんな,,first-label
大漁の,,first-label
戦う,,first-label
立ってプレイする,,first-label
秩序の,,first-label
チョーシいい,,first-label
直感を信じる,,first-label
つっぱしる,,first-label
データで戦う,,first-label
転生した,,first-label
動じない,,first-label
トゲトゲの,,first-label
トラディショナルな,,first-label
トレンドの,,first-label
ナイスな,,first-label
ナチュラルな,,first-label
涙の,,first-label
ナワバトラー道場の,,first-label
肉厚な,,first-label
日中の,,first-label
ヌルヌルの,,first-label
眠れる,,first-label
ハードな,,first-label
ハイカラな,,first-label
白昼の,,first-label
バズりたい,,first-label
ハデな,,first-label
早起きな,,first-label
遥か彼方の,,first-label
パンク,,first-label
汎用型,,first-label
ひかえめな,,first-label
ヒゲの,,first-label
ピチピチの,,first-label
ヒップホップ,,first-label
ヒラメが丘団地の,,first-label
ブキ屋の,,first-label
ふとんの中の,,first-label
冬休みの,,first-label
古着,,first-label
プロ級,,first-label
ペラペラの,,first-label
ポップな,,first-label
舞い降りた,,first-label
マサバ海峡大橋の,,first-label
真っ青な,,first-label
真夏の,,first-label
真夜中の,,first-label
ミーハーな,,first-label
南太平洋の,,first-label
ムキムキの,,first-label
無邪気な,,first-label
名誉,,first-label
もう負けられない,,first-label
モダンな,,first-label
ヤガラ市場の,,first-label
やっぱり,,first-label
ヤンチャな,,first-label
夢見がちな,,first-label
よくばりな,,first-label
弱気な,,first-label
来年の,,first-label
リアルな,,first-label
ルーズな,,first-label
ロカビリー,,first-label
ワイプアウトの,,first-label
私は,,first-label
サーモンランの,,first-label
最初の,,first-label
撮影する,,first-label
サバよんだ,,first-label
残暑の,,first-label
シェケナダムの,,first-label
自己流の,,first-label
漆黒の,,first-label
渋い,,first-label
執念深い,,first-label
熟成した,,first-label
瞬発力のある,,first-label
初夏の,,first-label
深海の,,first-label
シンプルな,,first-label
スチームパンクな,,first-label
すみっこの,,first-label
スリムな,,first-label
聖なる,,first-label
雪原の,,first-label
閃光の,,first-label
センプクする,,first-label
組織の,,first-label
大海の,,first-label
大地の,,first-label
大量の,,first-label
ただの,,first-label
頼もしい,,first-label
チョウザメ造船の,,first-label
チョーシサイコーの,,first-label
ちょっぴり,,first-label
つめた～い,,first-label
デカい,,first-label
でんせつの,,first-label
都会の,,first-label
ととのった,,first-label
トリカラマッチの,,first-label
ドロドロの,,first-label
渚の,,first-label
夏色の,,first-label
波乗り,,first-label
南極海の,,first-label
逃げ足の速い,,first-label
人気が出てきた,,first-label
寝起きの,,first-label
のびしろのある,,first-label
ハートを撃ちぬく,,first-label
配信終わりの,,first-label
はじける,,first-label
はたらく,,first-label
破天荒な,,first-label
流行りの,,first-label
春の,,first-label
犯人は,,first-label
ヒーローになりたい,,first-label
比較的,,first-label
久しぶりの,,first-label
ビッグな,,first-label
秘伝の,,first-label
昼型の,,first-label
フク屋の,,first-label
船酔いした,,first-label
プライベートマッチの,,first-label
フルスロットル,,first-label
ふわふわの,,first-label
変幻自在の,,first-label
炎の,,first-label
迷子の,,first-label
まじめな,,first-label
真っ白な,,first-label
マヒマヒリゾート＆スパの,,first-label
丸腰の,,first-label
右利きの,,first-label
ミュート中の,,first-label
無口な,,first-label
無敵の,,first-label
目立ちたがりな,,first-label
もう迷わない,,first-label
モッズ,,first-label
野菜好きの,,first-label
山の,,first-label
唯一無二の,,first-label
ゆるふわ,,first-label
よごれた,,first-label
ラッキーな,,first-label
リッチな,,first-label
冷静沈着な,,first-label
ロックな,,first-label
ワイルドな,,first-label
最高の,,first-label
最新型,,first-label
ザッカ屋の,,first-label
さまよえる,,first-label
斬新な,,first-label
塩味の,,first-label
自称,,first-label
実は,,first-label
邪悪なる,,first-label
週末の,,first-label
じゅくれんの,,first-label
生涯,,first-label
諸行無常の,,first-label
新感覚,,first-label
水そうの中の,,first-label
頭脳明晰な,,first-label
スミにおけない,,first-label
世紀の,,first-label
世界三大,,first-label
刹那の,,first-label
全自動,,first-label
増殖する,,first-label
染まらない,,first-label
太古の,,first-label
ダイナマイトな,,first-label
大量発生中の,,first-label
たつじんの,,first-label
小さな,,first-label
超人的,,first-label
チョーシぼちぼちの,,first-label
通称,,first-label
強気な,,first-label
テキトーな,,first-label
電池切れの,,first-label
トガった,,first-label
とどろく,,first-label
とれたての,,first-label
どん欲な,,first-label
泣く子もだまる,,first-label
夏の,,first-label
ナメロウ金属の,,first-label
なんてったって,,first-label
逃げる,,first-label
塗りたくる,,first-label
寝転ぶ,,first-label
のんびりやの,,first-label
ハイカラシティの,,first-label
配信中の,,first-label
はじめての,,first-label
発光する,,first-label
はねる,,first-label
腹ペコの,,first-label
バンカラ街の,,first-label
はんにんまえの,,first-label
ヒーローモードの,,first-label
干潟の,,first-label
びしょぬれの,,first-label
引っこみ思案な,,first-label
秘密の,,first-label
広場の,,first-label
不思議の国の,,first-label
冬色の,,first-label
ブラックな,,first-label
プルプルの,,first-label
文化系,,first-label
吠える,,first-label
ボムの,,first-label
負けずぎらいな,,first-label
真っ赤な,,first-label
マテガイ放水路の,,first-label
真冬の,,first-label
マンガ好きの,,first-label
水の,,first-label
未来から来た,,first-label
無限の,,first-label
ムニ・エール海洋発電所の,,first-label
目力の強い,,first-label
モードな,,first-label
もふもふの,,first-label
優しい,,first-label
闇の,,first-label
夕暮れ時の,,first-label
夜明けの,,first-label
夜ふかしの,,first-label
ラッシュ中の,,first-label
両利きの,,first-label
レギュラーマッチの,,first-label
ロビーの,,first-label
若い,,first-label
最後の,,first-label
最前線の,,first-label
ザトウマーケットの,,first-label
サンカクスの,,first-label
三代目,,first-label
シオカラ,,first-label
自信満々の,,first-label
自撮りする,,first-label
シャイな,,first-label
修行の身の,,first-label
純粋な,,first-label
小食の,,first-label
初代,,first-label
新世紀,,first-label
スーパー,,first-label
スプラトゥーンの,,first-label
スメーシーワールドの,,first-label
世紀末,,first-label
世界の中心の,,first-label
絶滅危惧種の,,first-label
先端を行く,,first-label
想像以上に,,first-label
空飛ぶ,,first-label
大事な,,first-label
ダイビング,,first-label
ダシがとれる,,first-label
たったひとりの,,first-label
地下生まれの,,first-label
チョーシあげたい,,first-label
直撃する,,first-label
付け焼き刃の,,first-label
つるつるの,,first-label
電光石火の,,first-label
天日干しの,,first-label
時の,,first-label
となりの,,first-label
トレンディーな,,first-label
ナゾの,,first-label
夏休みの,,first-label
名もなき,,first-label
難破船ドン・ブラコの,,first-label
二代目,,first-label
塗りの,,first-label
ねばり強い,,first-label
ハイカラスクエアの,,first-label
ハイブランド好きの,,first-label
走り回る,,first-label
ハッピーな,,first-label
早撃ち,,first-label
春色の,,first-label
バンカラマッチの,,first-label
ハンパない,,first-label
ヒエヒエの,,first-label
光の,,first-label
左利きの,,first-label
必殺の,,first-label
百発百中の,,first-label
ファッショナブル,,first-label
ふつうの,,first-label
冬の,,first-label
フルーツ好きの,,first-label
フレッシュな,,first-label
平日の,,first-label
北極海の,,first-label
ホワイトな,,first-label
まことの,,first-label
真っ黒な,,first-label
まな板の上の,,first-label
守る,,first-label
満潮の,,first-label
南大西洋の,,first-label
ミラクル,,first-label
無慈悲な,,first-label
無味無臭の,,first-label
めでたい,,first-label
モーレツな,,first-label
森の,,first-label
野生の,,first-label
やわらかい,,first-label
ユノハナ大渓谷の,,first-label
よく漬かった,,first-label
夜型の,,first-label
リアリストな,,first-label
旅行好きの,,first-label
レトロな,,first-label
論理的な,,first-label
わかばマークの,,first-label